"ParticipantId","Condition","Type1","Type2"
"AA0176","VR Monitor",5833.8545,17314.1031
"AA0876","VR",8342.9881,8763.514
"AA1078","VR Monitor Stereo",5239.5687,8802.5656
"AA1358","VR Monitor",8812.3182,18223.7736
"AA3083","VR Monitor",3507.8607,7584.69455
"AA4432","VR Monitor",4668.2306,16570.4799
"AA6335","VR Monitor",7439.4687,9326.22755
"AA7062","VR",3518.6585,2669.154
"AA7736","VR Monitor Stereo",2870.7091,7188.27015
"AA9060","VR",6099.3206,5942.21235
"AA9143","VR Monitor",8802.5631,30505.32
"AC8975","VR Monitor",6468.1481,17860.72165
"AC9337","VR Monitor Stereo",20318.8258,10684.3436
"AE1290","VR Monitor Stereo",3652.7763,13018.6975
"AE2314","VR Monitor Stereo",6948.5264,6819.12075
"AE2423","VR Monitor Stereo",2926.4298,5495.5303
"AE2567","VR Monitor",4926.6829,8606.911
"AE4411","VR",2190.179,3982.65255
"AE7022","VR",4714.9556,11778.67765
"AE7577","VR Monitor Stereo",3976.629,16420.25615
"AE8118","VR",3642.4979,9656.92205
"AH8153","VR",5049.0586,27885.5954
"AI9736","VR Monitor Stereo",3333.0872,11957.7098
"AL7521","VR Monitor Stereo",5954.57,13566.34495
"AM6705","VR",7842.8546,49370.7991
"AN7725","VR",4244.7369,10997.02295
"AO0649","VR",41603.494,17480.8989
"AO1417","VR",4590.794,11656.01445
"AO5595","VR",5149.4454,9394.10645
"AO7880","VR",2313.2709,4747.6767
"AO8017","VR Monitor",8106.4492,9968.74975
"AR0044","VR",2882.1916,17028.7508
"AR7862","VR Monitor",3820.4321,11164.37825
"AR9449","VR",3250.3535,11538.77225
"AR9517","VR Monitor Stereo",8969.1601,7271.88565
"AU9914","VR",8949.3634,8589.29045
"CA0406","VR",3507.5706,8238.3166
"CC7455","VR Monitor",6772.6112,11075.7405
"DA6527","VR Monitor Stereo",10902.9442,5177.9635
"DR3453","VR Monitor Stereo",4022.0853,10600.4883
"EA4759","VR Monitor Stereo",2714.73,5110.0915
"EA4934","VR Monitor Stereo",15829.1417,6015.308
"EA8619","VR",4368.9042,4837.0822
"EA9314","VR",6682.286,4636.06815
"EB2765","VR",NA,6590.8821
"EE4432","VR",4468.1229,9181.59895
"EI3019","VR",25422.9382,16620.3223
"EM8130","VR Monitor",6658.262,9424.94565
"EN3309","VR",4412.7592,6891.4177
"EN5709","VR",9312.2374,7584.8208
"EO9447","VR Monitor",3675.6918,30638.80575
"ER1898","VR Monitor Stereo",9797.2997,14380.78265
"ER2155","VR",4088.6043,4563.36715
"ER7876","VR Monitor",4591.8788,9611.5824
"HA0288","VR Monitor",8887.5834,22166.14805
"HA1682","VR Monitor Stereo",13179.4665,8126.6388
"HA3649","VR Monitor",NA,11940.77635
"HC1197","VR Monitor",4010.8276,13527.023
"HH7776","VR Monitor",3832.342,13750.37635
"HU2032","VR Monitor",3629.8837,23881.2601
"HY4562","VR Monitor Stereo",4836.5127,9192.5443
"IA2513","VR Monitor Stereo",4043.8849,8103.88905
"IB9297","VR",5127.3784,4792.7455
"IE3923","VR Monitor",2110.8863,5886.8399
"IE8843","VR Monitor Stereo",11521.1408,15174.177
"II3615","VR Monitor Stereo",NA,12576.9318
"II6040","VR",2814.748,10314.9795
"II7116","VR Monitor",3775.9765,10728.98
"IK0518","VR Monitor",15416.563,6703.72225
"IL8872","VR Monitor",5361.9209,14749.5638
"IO2253","VR Monitor",13359.4672,7512.25865
"IR0779","VR Monitor",4837.2561,6729.8878
"IR1101","VR Monitor",8880.3773,8472.9642
"LA0250","VR",3720.6334,15029.4755
"LA2620","VR",4604.4361,8523.5327
"LE1476","VR Monitor Stereo",4021.1066,6506.55415
"LE9083","VR Monitor",6758.0496,9996.91275
"LI5910","VR",6266.1931,6959.4837
"LL5887","VR",6646.8104,4931.79945
"LO3861","VR Monitor Stereo",3551.8282,5685.73105
"MA1301","VR",6769.4668,6149.3777
"MO2873","VR Monitor",5921.2362,8617.5426
"MU0632","VR Monitor",3686.198,10348.9786
"MU9517","VR Monitor Stereo",4166.8727,10511.36605
"OA0505","VR Monitor Stereo",2982.1442,7221.83775
"OA0701","VR Monitor Stereo",5674.7316,12806.70895
"OA2385","VR Monitor Stereo",4379.604,9343.61355
"OA5003","VR",4022.1062,17185.88615
"OA8593","VR",5707.8246,9138.71235
"OA9699","VR Monitor",7975.9259,10896.47125
"OI0406","VR Monitor Stereo",10472.7288,8949.85275
"OI7107","VR",3911.1011,6551.5618
"OO1638","VR Monitor",5708.6166,19503.1133
"OO3782","VR",4166.8061,11080.1439
"OO7105","VR Monitor",793.1035,966.70295
"PO0892","VR",5239.5647,19016.66735
"RA5840","VR Monitor Stereo",4670.5822,7629.9519
"RA7601","VR Monitor",5574.6586,7539.4659
"RA8589","VR",3507.6571,8969.6543
"RG8876","VR",7729.3105,11371.54935
"RI5022","VR",3194.7339,6920.1859
"RL2345","VR",2748.756,8065.1932
"RL9680","VR Monitor",5551.8772,8466.6948
"RR2012","VR Monitor",3038.8066,31637.95725
"RS1080","VR",2960.7399,9053.3418
"SC0288","VR Monitor Stereo",6557.2689,13538.1336
"SI4816","VR",4300.7019,5110.63565
"SI9216","VR Monitor Stereo",3016.2226,9349.26035
"SU6398","VR",12231.5852,12962.74275
"UA7716","VR Monitor Stereo",4513.0092,8170.7811
"UG4668","VR",4670.5788,18827.07855
"UI1542","VR Monitor",15985.2272,17297.76025
"UI1985","VR",2011.6461,5272.7337
"UK0825","VR",6656.7974,10053.51875
"UO5311","VR",3026.4453,12951.5412
"YA9918","VR",10031.7492,7461.42855
"YB5143","VR Monitor",3675.1938,9478.00345
"YE7121","VR Monitor Stereo",35018.4651,16549.4378
"YI8949","VR",3027.4453,7679.3668
"YO1643","VR Monitor",6299.3937,12643.961
"YO8153","VR Monitor",3507.6737,8701.3815
"hr4364","VR Monitor Stereo",2669.9661,10276.61545
